{"cameraMode":{"drawMode":0,"name":"Shaded","section":"Shading Mode"},"sceneLighting":true,"audioPlay":false,"sceneViewState":{"m_AlwaysRefresh":false,"showFog":true,"showSkybox":true,"showFlares":true,"showImageEffects":true,"showParticleSystems":true,"showVisualEffectGraphs":true,"m_FxEnabled":true},"in2DMode":false,"pivot":{"x":2.2274885177612306,"y":1.995011806488037,"z":2.8056743144989015},"rotation":{"x":-0.0020100902765989305,"y":-0.8775241374969482,"z":-0.003677072236314416,"w":0.4795149862766266},"size":1.107778549194336,"orthographic":false}