{"cameraMode":{"drawMode":0,"name":"Shaded","section":"Shading Mode"},"sceneLighting":true,"audioPlay":false,"sceneViewState":{"m_AlwaysRefresh":false,"showFog":true,"showSkybox":true,"showFlares":true,"showImageEffects":true,"showParticleSystems":true,"showVisualEffectGraphs":true,"m_FxEnabled":true},"in2DMode":false,"pivot":{"x":-1.240600824356079,"y":3.389150619506836,"z":11.919550895690918},"rotation":{"x":-0.04167205095291138,"y":-0.017673330381512643,"z":-0.0007365437340922654,"w":0.9989748597145081},"size":11.615666389465332,"orthographic":false}