{"cameraMode":{"drawMode":0,"name":"Shaded","section":"Shading Mode"},"sceneLighting":true,"audioPlay":false,"sceneViewState":{"showFog":true,"showMaterialUpdate":false,"showSkybox":true,"showFlares":true,"showImageEffects":true,"showParticleSystems":true},"in2DMode":false,"pivot":{"x":0.47255992889404299,"y":1.6161668300628663,"z":-0.8381180763244629},"rotation":{"x":-0.09445313364267349,"y":0.8362780213356018,"z":-0.1524447351694107,"w":-0.5181490182876587},"size":10.0,"orthographic":false}