{"cameraMode":{"drawMode":0,"name":"Shaded","section":"Shading Mode"},"sceneLighting":false,"audioPlay":false,"sceneViewState":{"showFog":true,"showMaterialUpdate":false,"showSkybox":false,"showFlares":true,"showImageEffects":true,"showParticleSystems":true},"in2DMode":false,"pivot":{"x":9.364908218383789,"y":-2.099283456802368,"z":-15.263270378112793},"rotation":{"x":-0.013069286942481995,"y":0.9868475794792175,"z":-0.10730510950088501,"w":-0.12019433826208115},"size":27.423627853393556,"orthographic":false}